<?xml version="1.0" encoding="UTF-8"?><idempiere Name="NiemcorJasperReports" Version="1.0" idempiereVersion="" DataBaseVersion="" Description="Contributed by Niemcor Pte Ltd, South Africa. Reports was contracted to NTier South Africa. Upgraded to IDempiere 2.1 by red1. Refactored to use on any ClientAdmin.&#10;Read https://idempiere.atlassian.net/browse/IDEMPIERE-2327&#10;or Watch http://youtu.be/8WOdkg_1SR0&#10;All source provided under GPLv2, free to change but you must send changes back to us." Author="" AuthorEmail="red1@red1.org" CreatedDate="2014-11-19 09:47:47.829" UpdatedDate="2014-11-22 10:46:30.783" PackOutVersion="100" UpdateDictionary="false" Client="0-SYSTEM-System" AD_Client_UU="11237b53-9592-4af1-b3c5-afd216514b5d">
    <AD_Menu type="table">
        <SeqNo>999</SeqNo>
        <AD_Client_ID>0</AD_Client_ID>
        <AD_Org_ID>0</AD_Org_ID>
        <AD_InfoWindow_ID reference="id"/>
        <AD_Task_ID reference="id"/>
        <IsSummary>true</IsSummary>
        <Action/>
        <EntityType>U</EntityType>
        <IsCentrallyMaintained>false</IsCentrallyMaintained>
        <AD_Menu_UU>dc136462-c41b-4eff-b90d-720dce81bd61</AD_Menu_UU>
        <AD_Form_ID reference="id"/>
        <AD_Window_ID reference="id"/>
        <AD_Workflow_ID reference="id"/>
        <IsSOTrx>false</IsSOTrx>
        <IsReadOnly>false</IsReadOnly>
        <AD_Process_ID reference="id"/>
        <Name>Business Reports</Name>
        <Description>Jasperreports contribution by Niemcor South Africa</Description>
        <IsActive>true</IsActive>
        <AD_Menu_Trl type="translation">
            <Name>Business Reports</Name>
            <Description>Jasperreports contribution by Niemcor South Africa</Description>
            <AD_Language>es_MX</AD_Language>
            <IsActive>true</IsActive>
            <IsTranslated>false</IsTranslated>
        </AD_Menu_Trl>
        <AD_Menu type="table">
            <Parent_ID reference="uuid" reference-key="AD_Menu">dc136462-c41b-4eff-b90d-720dce81bd61</Parent_ID>
            <SeqNo>2</SeqNo>
            <AD_Client_ID>0</AD_Client_ID>
            <AD_Org_ID>0</AD_Org_ID>
            <AD_InfoWindow_ID reference="id"/>
            <AD_Task_ID reference="id"/>
            <IsSummary>false</IsSummary>
            <Action>R</Action>
            <EntityType>U</EntityType>
            <IsCentrallyMaintained>true</IsCentrallyMaintained>
            <AD_Menu_UU>008d141f-cf91-451a-9f58-019242074fbc</AD_Menu_UU>
            <AD_Form_ID reference="id"/>
            <AD_Window_ID reference="id"/>
            <AD_Workflow_ID reference="id"/>
            <IsSOTrx>false</IsSOTrx>
            <IsReadOnly>false</IsReadOnly>
            <AD_Process_ID reference="uuid" reference-key="AD_Process">d614b878-7555-4214-be8e-abae923c5a61</AD_Process_ID>
            <Name>Customer Statement</Name>
            <Description>Statement of a specific customer's transaction for a specific period</Description>
            <IsActive>true</IsActive>
            <AD_Attachment type="table">
                <AD_Client_ID>0</AD_Client_ID>
                <AD_Org_ID>0</AD_Org_ID>
                <Record_ID reference="uuid" reference-key="AD_Process">d614b878-7555-4214-be8e-abae923c5a61</Record_ID>
                <AD_Attachment_UU>121ef92c-7f97-476c-9a97-d3de363747e6</AD_Attachment_UU>
                <TextMsg/>
                <BinaryData>1.dat|byte[]</BinaryData>
                <AD_Table_ID reference="id">284</AD_Table_ID>
                <Title>zip</Title>
                <IsActive>true</IsActive>
            </AD_Attachment>
            <AD_Process type="table">
                <AD_Client_ID>0</AD_Client_ID>
                <AD_Org_ID>0</AD_Org_ID>
                <ProcedureName/>
                <CopyFromProcess>N</CopyFromProcess>
                <AD_CtxHelp_ID reference="id"/>
                <Value>U_CustomerStatement</Value>
                <WorkflowValue/>
                <Classname/>
                <AD_Process_UU>d614b878-7555-4214-be8e-abae923c5a61</AD_Process_UU>
                <Name>Customer Statement</Name>
                <AD_Workflow_ID reference="id"/>
                <Help/>
                <IsBetaFunctionality>false</IsBetaFunctionality>
                <IsServerProcess>false</IsServerProcess>
                <Statistic_Seconds>0</Statistic_Seconds>
                <Statistic_Count>0</Statistic_Count>
                <JasperReport>attachment:CustomerStatement.jrxml</JasperReport>
                <AD_PrintFormat_ID reference="id"/>
                <AccessLevel>3</AccessLevel>
                <AD_Form_ID reference="id"/>
                <IsDirectPrint>false</IsDirectPrint>
                <AD_ReportView_ID reference="id"/>
                <IsReport>true</IsReport>
                <ShowHelp>Y</ShowHelp>
                <EntityType>U</EntityType>
                <Description/>
                <IsActive>true</IsActive>
                <AD_Process_Trl type="translation">
                    <Name>Customer Statement</Name>
                    <Help/>
                    <Description/>
                    <AD_Language>es_MX</AD_Language>
                    <IsActive>true</IsActive>
                    <IsTranslated>false</IsTranslated>
                </AD_Process_Trl>
                <AD_Process_Para type="table">
                    <AD_Client_ID>0</AD_Client_ID>
                    <AD_Org_ID>0</AD_Org_ID>
                    <AD_Reference_Value_ID reference="id"/>
                    <IsRange>false</IsRange>
                    <IsEncrypted>false</IsEncrypted>
                    <FieldLength>0</FieldLength>
                    <EntityType>U</EntityType>
                    <Help>A Business Partner is anyone with whom you transact.  This can include Vendor, Customer, Employee or Salesperson</Help>
                    <ValueMax/>
                    <IsCentrallyMaintained>true</IsCentrallyMaintained>
                    <AD_Process_Para_UU>a6207d94-0a32-456a-b971-9914d2743266</AD_Process_Para_UU>
                    <AD_Element_ID reference="id">187</AD_Element_ID>
                    <AD_Val_Rule_ID reference="id"/>
                    <AD_Process_ID reference="uuid" reference-key="AD_Process">d614b878-7555-4214-be8e-abae923c5a61</AD_Process_ID>
                    <DefaultValue2/>
                    <VFormat/>
                    <AD_Reference_ID reference="id">18</AD_Reference_ID>
                    <ValueMin/>
                    <SeqNo>10</SeqNo>
                    <IsMandatory>true</IsMandatory>
                    <DefaultValue/>
                    <ReadOnlyLogic/>
                    <DisplayLogic/>
                    <Name>Business Partner </Name>
                    <ColumnName>C_BPartner_ID</ColumnName>
                    <Description>Identifies a Business Partner</Description>
                    <IsActive>true</IsActive>
                    <AD_Process_Para_Trl type="translation">
                        <Help>Un socio de negocio es cualquiera con quien usted realiza transacciones. Este puede incluir Proveedores; Clientes; Empleados ó Vendedores.</Help>
                        <Name>Socio de Negocio</Name>
                        <Description>Identifica un Socio de Negocio</Description>
                        <AD_Language>es_MX</AD_Language>
                        <IsActive>true</IsActive>
                        <IsTranslated>false</IsTranslated>
                    </AD_Process_Para_Trl>
                </AD_Process_Para>
                <AD_Element type="table">
                    <AD_Client_ID>0</AD_Client_ID>
                    <AD_Org_ID>0</AD_Org_ID>
                    <PO_Description/>
                    <EntityType>U</EntityType>
                    <ColumnName>DateAcctFrom</ColumnName>
                    <Help/>
                    <AD_Element_UU>1a8441f0-629f-45f9-abc9-dd80e44544f4</AD_Element_UU>
                    <PO_Help/>
                    <Name>Date From</Name>
                    <Description/>
                    <PrintName>Date From</PrintName>
                    <PO_PrintName/>
                    <PO_Name/>
                    <IsActive>true</IsActive>
                    <AD_Element_Trl type="translation">
                        <PO_Description/>
                        <Help/>
                        <PO_Help/>
                        <Name>Date From</Name>
                        <Description/>
                        <PrintName>Date From</PrintName>
                        <PO_PrintName/>
                        <PO_Name/>
                        <AD_Language>es_MX</AD_Language>
                        <IsActive>true</IsActive>
                        <IsTranslated>false</IsTranslated>
                    </AD_Element_Trl>
                </AD_Element>
                <AD_Process_Para type="table">
                    <AD_Client_ID>0</AD_Client_ID>
                    <AD_Org_ID>0</AD_Org_ID>
                    <AD_Reference_Value_ID reference="id"/>
                    <IsRange>false</IsRange>
                    <IsEncrypted>false</IsEncrypted>
                    <FieldLength>0</FieldLength>
                    <EntityType>U</EntityType>
                    <Help/>
                    <ValueMax/>
                    <IsCentrallyMaintained>false</IsCentrallyMaintained>
                    <AD_Process_Para_UU>6542cc4d-5df8-4d37-8350-e9448d0b28d5</AD_Process_Para_UU>
                    <AD_Element_ID reference="uuid" reference-key="AD_Element">1a8441f0-629f-45f9-abc9-dd80e44544f4</AD_Element_ID>
                    <AD_Val_Rule_ID reference="id"/>
                    <AD_Process_ID reference="uuid" reference-key="AD_Process">d614b878-7555-4214-be8e-abae923c5a61</AD_Process_ID>
                    <DefaultValue2/>
                    <VFormat/>
                    <AD_Reference_ID reference="id">15</AD_Reference_ID>
                    <ValueMin/>
                    <SeqNo>20</SeqNo>
                    <IsMandatory>true</IsMandatory>
                    <DefaultValue/>
                    <ReadOnlyLogic/>
                    <DisplayLogic/>
                    <Name>Date From</Name>
                    <ColumnName>DateAcctFrom</ColumnName>
                    <Description/>
                    <IsActive>true</IsActive>
                    <AD_Process_Para_Trl type="translation">
                        <Help/>
                        <Name>Date From</Name>
                        <Description/>
                        <AD_Language>es_MX</AD_Language>
                        <IsActive>true</IsActive>
                        <IsTranslated>false</IsTranslated>
                    </AD_Process_Para_Trl>
                </AD_Process_Para>
                <AD_Element type="table">
                    <AD_Client_ID>0</AD_Client_ID>
                    <AD_Org_ID>0</AD_Org_ID>
                    <PO_Description/>
                    <EntityType>U</EntityType>
                    <ColumnName>DateAcctTo</ColumnName>
                    <Help/>
                    <AD_Element_UU>eccaa5a8-6af7-4b93-b9b2-35231e308a02</AD_Element_UU>
                    <PO_Help/>
                    <Name>Date To</Name>
                    <Description/>
                    <PrintName>Date To</PrintName>
                    <PO_PrintName/>
                    <PO_Name/>
                    <IsActive>true</IsActive>
                    <AD_Element_Trl type="translation">
                        <PO_Description/>
                        <Help/>
                        <PO_Help/>
                        <Name>Date To</Name>
                        <Description/>
                        <PrintName>Date To</PrintName>
                        <PO_PrintName/>
                        <PO_Name/>
                        <AD_Language>es_MX</AD_Language>
                        <IsActive>true</IsActive>
                        <IsTranslated>false</IsTranslated>
                    </AD_Element_Trl>
                </AD_Element>
                <AD_Process_Para type="table">
                    <AD_Client_ID>0</AD_Client_ID>
                    <AD_Org_ID>0</AD_Org_ID>
                    <AD_Reference_Value_ID reference="id"/>
                    <IsRange>false</IsRange>
                    <IsEncrypted>false</IsEncrypted>
                    <FieldLength>0</FieldLength>
                    <EntityType>U</EntityType>
                    <Help/>
                    <ValueMax/>
                    <IsCentrallyMaintained>false</IsCentrallyMaintained>
                    <AD_Process_Para_UU>1701a3ea-0d68-4d7e-b61d-d69e31164124</AD_Process_Para_UU>
                    <AD_Element_ID reference="uuid" reference-key="AD_Element">eccaa5a8-6af7-4b93-b9b2-35231e308a02</AD_Element_ID>
                    <AD_Val_Rule_ID reference="id"/>
                    <AD_Process_ID reference="uuid" reference-key="AD_Process">d614b878-7555-4214-be8e-abae923c5a61</AD_Process_ID>
                    <DefaultValue2/>
                    <VFormat/>
                    <AD_Reference_ID reference="id">15</AD_Reference_ID>
                    <ValueMin/>
                    <SeqNo>30</SeqNo>
                    <IsMandatory>true</IsMandatory>
                    <DefaultValue/>
                    <ReadOnlyLogic/>
                    <DisplayLogic/>
                    <Name>Date To</Name>
                    <ColumnName>DateAcctTo</ColumnName>
                    <Description/>
                    <IsActive>true</IsActive>
                    <AD_Process_Para_Trl type="translation">
                        <Help/>
                        <Name>Date To</Name>
                        <Description/>
                        <AD_Language>es_MX</AD_Language>
                        <IsActive>true</IsActive>
                        <IsTranslated>false</IsTranslated>
                    </AD_Process_Para_Trl>
                </AD_Process_Para>
                <AD_Process_Para type="table">
                    <AD_Client_ID>0</AD_Client_ID>
                    <AD_Org_ID>0</AD_Org_ID>
                    <AD_Reference_Value_ID reference="id"/>
                    <IsRange>false</IsRange>
                    <IsEncrypted>false</IsEncrypted>
                    <FieldLength>0</FieldLength>
                    <EntityType>U</EntityType>
                    <Help>An organization is a unit of your client or legal entity - examples are store, department. You can share data between organizations.</Help>
                    <ValueMax/>
                    <IsCentrallyMaintained>true</IsCentrallyMaintained>
                    <AD_Process_Para_UU>d4d74ef5-d718-4f3b-9d38-0a391bebf435</AD_Process_Para_UU>
                    <AD_Element_ID reference="id"/>
                    <AD_Val_Rule_ID reference="id"/>
                    <AD_Process_ID reference="uuid" reference-key="AD_Process">d614b878-7555-4214-be8e-abae923c5a61</AD_Process_ID>
                    <DefaultValue2/>
                    <VFormat/>
                    <AD_Reference_ID reference="id">19</AD_Reference_ID>
                    <ValueMin/>
                    <SeqNo>40</SeqNo>
                    <IsMandatory>false</IsMandatory>
                    <DefaultValue>@#AD_Org_ID@</DefaultValue>
                    <ReadOnlyLogic/>
                    <DisplayLogic>1=2</DisplayLogic>
                    <Name>Organization</Name>
                    <ColumnName>AD_Org_ID</ColumnName>
                    <Description>Organizational entity within client</Description>
                    <IsActive>true</IsActive>
                    <AD_Process_Para_Trl type="translation">
                        <Help>Una organización es una unidad de la compañía ó entidad legal - Ej. Tiendas y departamentos.</Help>
                        <Name>Organización</Name>
                        <Description>Entidad organizacional dentro de la compañía</Description>
                        <AD_Language>es_MX</AD_Language>
                        <IsActive>true</IsActive>
                        <IsTranslated>false</IsTranslated>
                    </AD_Process_Para_Trl>
                </AD_Process_Para>
            </AD_Process>
        </AD_Menu>
        <AD_Menu type="table">
            <Parent_ID reference="uuid" reference-key="AD_Menu">dc136462-c41b-4eff-b90d-720dce81bd61</Parent_ID>
            <SeqNo>3</SeqNo>
            <AD_Client_ID>0</AD_Client_ID>
            <AD_Org_ID>0</AD_Org_ID>
            <AD_InfoWindow_ID reference="id"/>
            <AD_Task_ID reference="id"/>
            <IsSummary>false</IsSummary>
            <Action>R</Action>
            <EntityType>U</EntityType>
            <IsCentrallyMaintained>true</IsCentrallyMaintained>
            <AD_Menu_UU>8c8292be-e3bf-4bd7-bddb-b43c58d75e8b</AD_Menu_UU>
            <AD_Form_ID reference="id"/>
            <AD_Window_ID reference="id"/>
            <AD_Workflow_ID reference="id"/>
            <IsSOTrx>false</IsSOTrx>
            <IsReadOnly>false</IsReadOnly>
            <AD_Process_ID reference="uuid" reference-key="AD_Process">6114a799-7220-4adb-835d-216629712661</AD_Process_ID>
            <Name>Customer Balances</Name>
            <Description>Customers' balances for the specified period</Description>
            <IsActive>true</IsActive>
            <AD_Attachment type="table">
                <AD_Client_ID>0</AD_Client_ID>
                <AD_Org_ID>0</AD_Org_ID>
                <Record_ID reference="uuid" reference-key="AD_Process">6114a799-7220-4adb-835d-216629712661</Record_ID>
                <AD_Attachment_UU>8625045b-8d9f-477a-a018-5277b05a85f6</AD_Attachment_UU>
                <TextMsg/>
                <BinaryData>2.dat|byte[]</BinaryData>
                <AD_Table_ID reference="id">284</AD_Table_ID>
                <Title>zip</Title>
                <IsActive>true</IsActive>
            </AD_Attachment>
            <AD_Process type="table">
                <AD_Client_ID>0</AD_Client_ID>
                <AD_Org_ID>0</AD_Org_ID>
                <ProcedureName/>
                <CopyFromProcess>N</CopyFromProcess>
                <AD_CtxHelp_ID reference="id"/>
                <Value>U_CustomerBalances</Value>
                <WorkflowValue/>
                <Classname/>
                <AD_Process_UU>6114a799-7220-4adb-835d-216629712661</AD_Process_UU>
                <Name>Customer Balances</Name>
                <AD_Workflow_ID reference="id"/>
                <Help/>
                <IsBetaFunctionality>false</IsBetaFunctionality>
                <IsServerProcess>false</IsServerProcess>
                <Statistic_Seconds>3</Statistic_Seconds>
                <Statistic_Count>1</Statistic_Count>
                <JasperReport>attachment:ZZ_CustomerBalances.jrxml</JasperReport>
                <AD_PrintFormat_ID reference="id"/>
                <AccessLevel>3</AccessLevel>
                <AD_Form_ID reference="id"/>
                <IsDirectPrint>false</IsDirectPrint>
                <AD_ReportView_ID reference="id"/>
                <IsReport>true</IsReport>
                <ShowHelp>Y</ShowHelp>
                <EntityType>U</EntityType>
                <Description/>
                <IsActive>true</IsActive>
                <AD_Process_Trl type="translation">
                    <Name>Customer Balances</Name>
                    <Help/>
                    <Description/>
                    <AD_Language>es_MX</AD_Language>
                    <IsActive>true</IsActive>
                    <IsTranslated>false</IsTranslated>
                </AD_Process_Trl>
                <AD_Process_Para type="table">
                    <AD_Client_ID>0</AD_Client_ID>
                    <AD_Org_ID>0</AD_Org_ID>
                    <AD_Reference_Value_ID reference="id"/>
                    <IsRange>false</IsRange>
                    <IsEncrypted>false</IsEncrypted>
                    <FieldLength>0</FieldLength>
                    <EntityType>U</EntityType>
                    <Help>The End Date indicates the last date in this range.</Help>
                    <ValueMax/>
                    <IsCentrallyMaintained>true</IsCentrallyMaintained>
                    <AD_Process_Para_UU>cdc00cd8-61ac-497e-a4c3-f5151ee98f15</AD_Process_Para_UU>
                    <AD_Element_ID reference="id">294</AD_Element_ID>
                    <AD_Val_Rule_ID reference="id"/>
                    <AD_Process_ID reference="uuid" reference-key="AD_Process">6114a799-7220-4adb-835d-216629712661</AD_Process_ID>
                    <DefaultValue2/>
                    <VFormat/>
                    <AD_Reference_ID reference="id">15</AD_Reference_ID>
                    <ValueMin/>
                    <SeqNo>20</SeqNo>
                    <IsMandatory>true</IsMandatory>
                    <DefaultValue/>
                    <ReadOnlyLogic/>
                    <DisplayLogic/>
                    <Name>End Date</Name>
                    <ColumnName>EndDate</ColumnName>
                    <Description>Last effective date (inclusive)</Description>
                    <IsActive>true</IsActive>
                    <AD_Process_Para_Trl type="translation">
                        <Help>La fecha final indica la última fecha en este rango.</Help>
                        <Name>Fecha Final</Name>
                        <Description>Última fecha efectiva (inclusive)</Description>
                        <AD_Language>es_MX</AD_Language>
                        <IsActive>true</IsActive>
                        <IsTranslated>false</IsTranslated>
                    </AD_Process_Para_Trl>
                </AD_Process_Para>
                <AD_Process_Para type="table">
                    <AD_Client_ID>0</AD_Client_ID>
                    <AD_Org_ID>0</AD_Org_ID>
                    <AD_Reference_Value_ID reference="id"/>
                    <IsRange>false</IsRange>
                    <IsEncrypted>false</IsEncrypted>
                    <FieldLength>0</FieldLength>
                    <EntityType>U</EntityType>
                    <Help>The Start Date indicates the first or starting date</Help>
                    <ValueMax/>
                    <IsCentrallyMaintained>true</IsCentrallyMaintained>
                    <AD_Process_Para_UU>eefe6d53-946a-4727-8d89-146a13b451c2</AD_Process_Para_UU>
                    <AD_Element_ID reference="id">574</AD_Element_ID>
                    <AD_Val_Rule_ID reference="id"/>
                    <AD_Process_ID reference="uuid" reference-key="AD_Process">6114a799-7220-4adb-835d-216629712661</AD_Process_ID>
                    <DefaultValue2/>
                    <VFormat/>
                    <AD_Reference_ID reference="id">15</AD_Reference_ID>
                    <ValueMin/>
                    <SeqNo>10</SeqNo>
                    <IsMandatory>true</IsMandatory>
                    <DefaultValue/>
                    <ReadOnlyLogic/>
                    <DisplayLogic/>
                    <Name>Start Date</Name>
                    <ColumnName>StartDate</ColumnName>
                    <Description>First effective day (inclusive)</Description>
                    <IsActive>true</IsActive>
                    <AD_Process_Para_Trl type="translation">
                        <Help>La fecha de Inicio indica la primera fecha ó fecha inicial de un rango</Help>
                        <Name>Fecha de Inicio</Name>
                        <Description>Primer día efectivo (inclusive)</Description>
                        <AD_Language>es_MX</AD_Language>
                        <IsActive>true</IsActive>
                        <IsTranslated>false</IsTranslated>
                    </AD_Process_Para_Trl>
                </AD_Process_Para>
                <AD_Process_Para type="table">
                    <AD_Client_ID>0</AD_Client_ID>
                    <AD_Org_ID>0</AD_Org_ID>
                    <AD_Reference_Value_ID reference="id"/>
                    <IsRange>false</IsRange>
                    <IsEncrypted>false</IsEncrypted>
                    <FieldLength>0</FieldLength>
                    <EntityType>U</EntityType>
                    <Help>A Client is a company or a legal entity. You cannot share data between Clients. Tenant is a synonym for Client.</Help>
                    <ValueMax/>
                    <IsCentrallyMaintained>true</IsCentrallyMaintained>
                    <AD_Process_Para_UU>ba304eca-25ef-4109-9217-1329eba6e8ad</AD_Process_Para_UU>
                    <AD_Element_ID reference="id">102</AD_Element_ID>
                    <AD_Val_Rule_ID reference="id"/>
                    <AD_Process_ID reference="uuid" reference-key="AD_Process">6114a799-7220-4adb-835d-216629712661</AD_Process_ID>
                    <DefaultValue2/>
                    <VFormat/>
                    <AD_Reference_ID reference="id">19</AD_Reference_ID>
                    <ValueMin/>
                    <SeqNo>5</SeqNo>
                    <IsMandatory>false</IsMandatory>
                    <DefaultValue>@#AD_Client_ID@</DefaultValue>
                    <ReadOnlyLogic>1=1</ReadOnlyLogic>
                    <DisplayLogic/>
                    <Name>Client</Name>
                    <ColumnName>AD_Client_ID</ColumnName>
                    <Description>Client/Tenant for this installation.</Description>
                    <IsActive>true</IsActive>
                    <AD_Process_Para_Trl type="translation">
                        <Help>Compañía ó entidad legal</Help>
                        <Name>Compañía</Name>
                        <Description>Cliente para esta instalación</Description>
                        <AD_Language>es_MX</AD_Language>
                        <IsActive>true</IsActive>
                        <IsTranslated>false</IsTranslated>
                    </AD_Process_Para_Trl>
                </AD_Process_Para>
            </AD_Process>
        </AD_Menu>
        <AD_Menu type="table">
            <Parent_ID reference="uuid" reference-key="AD_Menu">dc136462-c41b-4eff-b90d-720dce81bd61</Parent_ID>
            <SeqNo>4</SeqNo>
            <AD_Client_ID>0</AD_Client_ID>
            <AD_Org_ID>0</AD_Org_ID>
            <AD_InfoWindow_ID reference="id"/>
            <AD_Task_ID reference="id"/>
            <IsSummary>false</IsSummary>
            <Action>R</Action>
            <EntityType>U</EntityType>
            <IsCentrallyMaintained>true</IsCentrallyMaintained>
            <AD_Menu_UU>eb7f5b28-baac-4af6-bb0d-038acd99dd3d</AD_Menu_UU>
            <AD_Form_ID reference="id"/>
            <AD_Window_ID reference="id"/>
            <AD_Workflow_ID reference="id"/>
            <IsSOTrx>false</IsSOTrx>
            <IsReadOnly>false</IsReadOnly>
            <AD_Process_ID reference="uuid" reference-key="AD_Process">1f59a3b3-8cc6-4713-839f-e3a339886f0c</AD_Process_ID>
            <Name>Vendor Statement</Name>
            <Description>Statement of a specific vendor's transaction for a specific period</Description>
            <IsActive>true</IsActive>
            <AD_Attachment type="table">
                <AD_Client_ID>0</AD_Client_ID>
                <AD_Org_ID>0</AD_Org_ID>
                <Record_ID reference="uuid" reference-key="AD_Process">1f59a3b3-8cc6-4713-839f-e3a339886f0c</Record_ID>
                <AD_Attachment_UU>af6a07e5-57de-4605-8fa2-3e844cfa667c</AD_Attachment_UU>
                <TextMsg/>
                <BinaryData>3.dat|byte[]</BinaryData>
                <AD_Table_ID reference="id">284</AD_Table_ID>
                <Title>zip</Title>
                <IsActive>true</IsActive>
            </AD_Attachment>
            <AD_Process type="table">
                <AD_Client_ID>0</AD_Client_ID>
                <AD_Org_ID>0</AD_Org_ID>
                <ProcedureName/>
                <CopyFromProcess>N</CopyFromProcess>
                <AD_CtxHelp_ID reference="id"/>
                <Value>VendorStatement</Value>
                <WorkflowValue/>
                <Classname/>
                <AD_Process_UU>1f59a3b3-8cc6-4713-839f-e3a339886f0c</AD_Process_UU>
                <Name>Vendor Statement</Name>
                <AD_Workflow_ID reference="id"/>
                <Help/>
                <IsBetaFunctionality>false</IsBetaFunctionality>
                <IsServerProcess>false</IsServerProcess>
                <Statistic_Seconds>0</Statistic_Seconds>
                <Statistic_Count>0</Statistic_Count>
                <JasperReport>attachment:SupplierStatement.jrxml</JasperReport>
                <AD_PrintFormat_ID reference="id"/>
                <AccessLevel>3</AccessLevel>
                <AD_Form_ID reference="id"/>
                <IsDirectPrint>false</IsDirectPrint>
                <AD_ReportView_ID reference="id"/>
                <IsReport>true</IsReport>
                <ShowHelp>Y</ShowHelp>
                <EntityType>U</EntityType>
                <Description>Statement of a specific vendor's transaction for a specific period</Description>
                <IsActive>true</IsActive>
                <AD_Process_Trl type="translation">
                    <Name>Vendor Statement</Name>
                    <Help/>
                    <Description>Statement of a specific vendor's transaction for a specific period</Description>
                    <AD_Language>es_MX</AD_Language>
                    <IsActive>true</IsActive>
                    <IsTranslated>false</IsTranslated>
                </AD_Process_Trl>
                <AD_Process_Para type="table">
                    <AD_Client_ID>0</AD_Client_ID>
                    <AD_Org_ID>0</AD_Org_ID>
                    <AD_Reference_Value_ID reference="id">192</AD_Reference_Value_ID>
                    <IsRange>false</IsRange>
                    <IsEncrypted>false</IsEncrypted>
                    <FieldLength>0</FieldLength>
                    <EntityType>U</EntityType>
                    <Help>A Business Partner is anyone with whom you transact.  This can include Vendor, Customer, Employee or Salesperson</Help>
                    <ValueMax/>
                    <IsCentrallyMaintained>true</IsCentrallyMaintained>
                    <AD_Process_Para_UU>1c8fc6ce-8c97-43f9-a2fe-176cb0848f27</AD_Process_Para_UU>
                    <AD_Element_ID reference="id">187</AD_Element_ID>
                    <AD_Val_Rule_ID reference="id"/>
                    <AD_Process_ID reference="uuid" reference-key="AD_Process">1f59a3b3-8cc6-4713-839f-e3a339886f0c</AD_Process_ID>
                    <DefaultValue2/>
                    <VFormat/>
                    <AD_Reference_ID reference="id">30</AD_Reference_ID>
                    <ValueMin/>
                    <SeqNo>10</SeqNo>
                    <IsMandatory>true</IsMandatory>
                    <DefaultValue/>
                    <ReadOnlyLogic/>
                    <DisplayLogic/>
                    <Name>Business Partner </Name>
                    <ColumnName>C_BPartner_ID</ColumnName>
                    <Description>Identifies a Business Partner</Description>
                    <IsActive>true</IsActive>
                    <AD_Process_Para_Trl type="translation">
                        <Help>Un socio de negocio es cualquiera con quien usted realiza transacciones. Este puede incluir Proveedores; Clientes; Empleados ó Vendedores.</Help>
                        <Name>Socio de Negocio</Name>
                        <Description>Identifica un Socio de Negocio</Description>
                        <AD_Language>es_MX</AD_Language>
                        <IsActive>true</IsActive>
                        <IsTranslated>false</IsTranslated>
                    </AD_Process_Para_Trl>
                </AD_Process_Para>
                <AD_Process_Para type="table">
                    <AD_Client_ID>0</AD_Client_ID>
                    <AD_Org_ID>0</AD_Org_ID>
                    <AD_Reference_Value_ID reference="id"/>
                    <IsRange>false</IsRange>
                    <IsEncrypted>false</IsEncrypted>
                    <FieldLength>0</FieldLength>
                    <EntityType>U</EntityType>
                    <Help/>
                    <ValueMax/>
                    <IsCentrallyMaintained>false</IsCentrallyMaintained>
                    <AD_Process_Para_UU>a5ee8747-e0a2-4a11-a102-2996ef2451cc</AD_Process_Para_UU>
                    <AD_Element_ID reference="uuid" reference-key="AD_Element">1a8441f0-629f-45f9-abc9-dd80e44544f4</AD_Element_ID>
                    <AD_Val_Rule_ID reference="id"/>
                    <AD_Process_ID reference="uuid" reference-key="AD_Process">1f59a3b3-8cc6-4713-839f-e3a339886f0c</AD_Process_ID>
                    <DefaultValue2/>
                    <VFormat/>
                    <AD_Reference_ID reference="id">15</AD_Reference_ID>
                    <ValueMin/>
                    <SeqNo>20</SeqNo>
                    <IsMandatory>true</IsMandatory>
                    <DefaultValue/>
                    <ReadOnlyLogic/>
                    <DisplayLogic/>
                    <Name>Date From</Name>
                    <ColumnName>DateAcctFrom</ColumnName>
                    <Description/>
                    <IsActive>true</IsActive>
                    <AD_Process_Para_Trl type="translation">
                        <Help/>
                        <Name>Date From</Name>
                        <Description/>
                        <AD_Language>es_MX</AD_Language>
                        <IsActive>true</IsActive>
                        <IsTranslated>false</IsTranslated>
                    </AD_Process_Para_Trl>
                </AD_Process_Para>
                <AD_Process_Para type="table">
                    <AD_Client_ID>0</AD_Client_ID>
                    <AD_Org_ID>0</AD_Org_ID>
                    <AD_Reference_Value_ID reference="id"/>
                    <IsRange>false</IsRange>
                    <IsEncrypted>false</IsEncrypted>
                    <FieldLength>0</FieldLength>
                    <EntityType>U</EntityType>
                    <Help/>
                    <ValueMax/>
                    <IsCentrallyMaintained>false</IsCentrallyMaintained>
                    <AD_Process_Para_UU>ad43f0ca-7dad-45d2-8f38-fb38b5069727</AD_Process_Para_UU>
                    <AD_Element_ID reference="uuid" reference-key="AD_Element">eccaa5a8-6af7-4b93-b9b2-35231e308a02</AD_Element_ID>
                    <AD_Val_Rule_ID reference="id"/>
                    <AD_Process_ID reference="uuid" reference-key="AD_Process">1f59a3b3-8cc6-4713-839f-e3a339886f0c</AD_Process_ID>
                    <DefaultValue2/>
                    <VFormat/>
                    <AD_Reference_ID reference="id">15</AD_Reference_ID>
                    <ValueMin/>
                    <SeqNo>30</SeqNo>
                    <IsMandatory>true</IsMandatory>
                    <DefaultValue/>
                    <ReadOnlyLogic/>
                    <DisplayLogic/>
                    <Name>Date To</Name>
                    <ColumnName>DateAcctTo</ColumnName>
                    <Description/>
                    <IsActive>true</IsActive>
                    <AD_Process_Para_Trl type="translation">
                        <Help/>
                        <Name>Date To</Name>
                        <Description/>
                        <AD_Language>es_MX</AD_Language>
                        <IsActive>true</IsActive>
                        <IsTranslated>false</IsTranslated>
                    </AD_Process_Para_Trl>
                </AD_Process_Para>
                <AD_Process_Para type="table">
                    <AD_Client_ID>0</AD_Client_ID>
                    <AD_Org_ID>0</AD_Org_ID>
                    <AD_Reference_Value_ID reference="id"/>
                    <IsRange>false</IsRange>
                    <IsEncrypted>false</IsEncrypted>
                    <FieldLength>0</FieldLength>
                    <EntityType>U</EntityType>
                    <Help/>
                    <ValueMax/>
                    <IsCentrallyMaintained>false</IsCentrallyMaintained>
                    <AD_Process_Para_UU>76b566bc-8ca3-4a55-8cdf-ea4049bfb6e2</AD_Process_Para_UU>
                    <AD_Element_ID reference="id"/>
                    <AD_Val_Rule_ID reference="id"/>
                    <AD_Process_ID reference="uuid" reference-key="AD_Process">1f59a3b3-8cc6-4713-839f-e3a339886f0c</AD_Process_ID>
                    <DefaultValue2/>
                    <VFormat/>
                    <AD_Reference_ID reference="id">19</AD_Reference_ID>
                    <ValueMin/>
                    <SeqNo>40</SeqNo>
                    <IsMandatory>false</IsMandatory>
                    <DefaultValue>@#AD_Org_ID@</DefaultValue>
                    <ReadOnlyLogic/>
                    <DisplayLogic>1=2</DisplayLogic>
                    <Name>Organization</Name>
                    <ColumnName>AD_Org_ID</ColumnName>
                    <Description/>
                    <IsActive>true</IsActive>
                    <AD_Process_Para_Trl type="translation">
                        <Help/>
                        <Name>Organization</Name>
                        <Description/>
                        <AD_Language>es_MX</AD_Language>
                        <IsActive>true</IsActive>
                        <IsTranslated>false</IsTranslated>
                    </AD_Process_Para_Trl>
                </AD_Process_Para>
            </AD_Process>
        </AD_Menu>
        <AD_Menu type="table">
            <Parent_ID reference="uuid" reference-key="AD_Menu">dc136462-c41b-4eff-b90d-720dce81bd61</Parent_ID>
            <SeqNo>5</SeqNo>
            <AD_Client_ID>0</AD_Client_ID>
            <AD_Org_ID>0</AD_Org_ID>
            <AD_InfoWindow_ID reference="id"/>
            <AD_Task_ID reference="id"/>
            <IsSummary>false</IsSummary>
            <Action>R</Action>
            <EntityType>U</EntityType>
            <IsCentrallyMaintained>true</IsCentrallyMaintained>
            <AD_Menu_UU>9e0dcb06-486a-4d02-8a70-c1676e7a0a95</AD_Menu_UU>
            <AD_Form_ID reference="id"/>
            <AD_Window_ID reference="id"/>
            <AD_Workflow_ID reference="id"/>
            <IsSOTrx>false</IsSOTrx>
            <IsReadOnly>false</IsReadOnly>
            <AD_Process_ID reference="uuid" reference-key="AD_Process">6573cc6b-9142-4043-a99d-f000514cc826</AD_Process_ID>
            <Name>Vendor Balances</Name>
            <Description>Vendors' balances for the specified period</Description>
            <IsActive>true</IsActive>
            <AD_Attachment type="table">
                <AD_Client_ID>0</AD_Client_ID>
                <AD_Org_ID>0</AD_Org_ID>
                <Record_ID reference="uuid" reference-key="AD_Process">6573cc6b-9142-4043-a99d-f000514cc826</Record_ID>
                <AD_Attachment_UU>8322a2d3-fdd1-457b-8006-29068e2890cf</AD_Attachment_UU>
                <TextMsg/>
                <BinaryData>4.dat|byte[]</BinaryData>
                <AD_Table_ID reference="id">284</AD_Table_ID>
                <Title>zip</Title>
                <IsActive>true</IsActive>
            </AD_Attachment>
            <AD_Process type="table">
                <AD_Client_ID>0</AD_Client_ID>
                <AD_Org_ID>0</AD_Org_ID>
                <ProcedureName/>
                <CopyFromProcess>N</CopyFromProcess>
                <AD_CtxHelp_ID reference="id"/>
                <Value>U_VendorBalances</Value>
                <WorkflowValue/>
                <Classname/>
                <AD_Process_UU>6573cc6b-9142-4043-a99d-f000514cc826</AD_Process_UU>
                <Name>Vendor Balances</Name>
                <AD_Workflow_ID reference="id"/>
                <Help/>
                <IsBetaFunctionality>false</IsBetaFunctionality>
                <IsServerProcess>false</IsServerProcess>
                <Statistic_Seconds>0</Statistic_Seconds>
                <Statistic_Count>0</Statistic_Count>
                <JasperReport>attachment:ZZ_SupplierBalances.jrxml</JasperReport>
                <AD_PrintFormat_ID reference="id"/>
                <AccessLevel>3</AccessLevel>
                <AD_Form_ID reference="id"/>
                <IsDirectPrint>false</IsDirectPrint>
                <AD_ReportView_ID reference="id"/>
                <IsReport>true</IsReport>
                <ShowHelp>Y</ShowHelp>
                <EntityType>U</EntityType>
                <Description/>
                <IsActive>true</IsActive>
                <AD_Process_Trl type="translation">
                    <Name>Vendor Balances</Name>
                    <Help/>
                    <Description/>
                    <AD_Language>es_MX</AD_Language>
                    <IsActive>true</IsActive>
                    <IsTranslated>false</IsTranslated>
                </AD_Process_Trl>
                <AD_Process_Para type="table">
                    <AD_Client_ID>0</AD_Client_ID>
                    <AD_Org_ID>0</AD_Org_ID>
                    <AD_Reference_Value_ID reference="id"/>
                    <IsRange>false</IsRange>
                    <IsEncrypted>false</IsEncrypted>
                    <FieldLength>0</FieldLength>
                    <EntityType>U</EntityType>
                    <Help>The Start Date indicates the first or starting date</Help>
                    <ValueMax/>
                    <IsCentrallyMaintained>true</IsCentrallyMaintained>
                    <AD_Process_Para_UU>c6e060d9-2526-421b-912d-56997c984667</AD_Process_Para_UU>
                    <AD_Element_ID reference="id">574</AD_Element_ID>
                    <AD_Val_Rule_ID reference="id"/>
                    <AD_Process_ID reference="uuid" reference-key="AD_Process">6573cc6b-9142-4043-a99d-f000514cc826</AD_Process_ID>
                    <DefaultValue2/>
                    <VFormat/>
                    <AD_Reference_ID reference="id">15</AD_Reference_ID>
                    <ValueMin/>
                    <SeqNo>10</SeqNo>
                    <IsMandatory>true</IsMandatory>
                    <DefaultValue/>
                    <ReadOnlyLogic/>
                    <DisplayLogic/>
                    <Name>Start Date</Name>
                    <ColumnName>StartDate</ColumnName>
                    <Description>First effective day (inclusive)</Description>
                    <IsActive>true</IsActive>
                    <AD_Process_Para_Trl type="translation">
                        <Help>La fecha de Inicio indica la primera fecha ó fecha inicial de un rango</Help>
                        <Name>Fecha de Inicio</Name>
                        <Description>Primer día efectivo (inclusive)</Description>
                        <AD_Language>es_MX</AD_Language>
                        <IsActive>true</IsActive>
                        <IsTranslated>false</IsTranslated>
                    </AD_Process_Para_Trl>
                </AD_Process_Para>
                <AD_Process_Para type="table">
                    <AD_Client_ID>0</AD_Client_ID>
                    <AD_Org_ID>0</AD_Org_ID>
                    <AD_Reference_Value_ID reference="id"/>
                    <IsRange>false</IsRange>
                    <IsEncrypted>false</IsEncrypted>
                    <FieldLength>0</FieldLength>
                    <EntityType>U</EntityType>
                    <Help>A Client is a company or a legal entity. You cannot share data between Clients. Tenant is a synonym for Client.</Help>
                    <ValueMax/>
                    <IsCentrallyMaintained>true</IsCentrallyMaintained>
                    <AD_Process_Para_UU>742a6ca0-f259-4ccb-a125-a997828d4118</AD_Process_Para_UU>
                    <AD_Element_ID reference="id">102</AD_Element_ID>
                    <AD_Val_Rule_ID reference="id"/>
                    <AD_Process_ID reference="uuid" reference-key="AD_Process">6573cc6b-9142-4043-a99d-f000514cc826</AD_Process_ID>
                    <DefaultValue2/>
                    <VFormat/>
                    <AD_Reference_ID reference="id">19</AD_Reference_ID>
                    <ValueMin/>
                    <SeqNo>5</SeqNo>
                    <IsMandatory>false</IsMandatory>
                    <DefaultValue>@#AD_Client_ID@</DefaultValue>
                    <ReadOnlyLogic>1=1</ReadOnlyLogic>
                    <DisplayLogic/>
                    <Name>Client</Name>
                    <ColumnName>AD_Client_ID</ColumnName>
                    <Description>Client/Tenant for this installation.</Description>
                    <IsActive>true</IsActive>
                    <AD_Process_Para_Trl type="translation">
                        <Help>Compañía ó entidad legal</Help>
                        <Name>Compañía</Name>
                        <Description>Cliente para esta instalación</Description>
                        <AD_Language>es_MX</AD_Language>
                        <IsActive>true</IsActive>
                        <IsTranslated>false</IsTranslated>
                    </AD_Process_Para_Trl>
                </AD_Process_Para>
                <AD_Process_Para type="table">
                    <AD_Client_ID>0</AD_Client_ID>
                    <AD_Org_ID>0</AD_Org_ID>
                    <AD_Reference_Value_ID reference="id"/>
                    <IsRange>false</IsRange>
                    <IsEncrypted>false</IsEncrypted>
                    <FieldLength>0</FieldLength>
                    <EntityType>U</EntityType>
                    <Help>The End Date indicates the last date in this range.</Help>
                    <ValueMax/>
                    <IsCentrallyMaintained>true</IsCentrallyMaintained>
                    <AD_Process_Para_UU>91fcd88b-3a44-4c56-9c9e-20e83768e3e3</AD_Process_Para_UU>
                    <AD_Element_ID reference="id">294</AD_Element_ID>
                    <AD_Val_Rule_ID reference="id"/>
                    <AD_Process_ID reference="uuid" reference-key="AD_Process">6573cc6b-9142-4043-a99d-f000514cc826</AD_Process_ID>
                    <DefaultValue2/>
                    <VFormat/>
                    <AD_Reference_ID reference="id">15</AD_Reference_ID>
                    <ValueMin/>
                    <SeqNo>20</SeqNo>
                    <IsMandatory>true</IsMandatory>
                    <DefaultValue/>
                    <ReadOnlyLogic/>
                    <DisplayLogic/>
                    <Name>End Date</Name>
                    <ColumnName>EndDate</ColumnName>
                    <Description>Last effective date (inclusive)</Description>
                    <IsActive>true</IsActive>
                    <AD_Process_Para_Trl type="translation">
                        <Help>La fecha final indica la última fecha en este rango.</Help>
                        <Name>Fecha Final</Name>
                        <Description>Última fecha efectiva (inclusive)</Description>
                        <AD_Language>es_MX</AD_Language>
                        <IsActive>true</IsActive>
                        <IsTranslated>false</IsTranslated>
                    </AD_Process_Para_Trl>
                </AD_Process_Para>
            </AD_Process>
        </AD_Menu>
    </AD_Menu>
</idempiere>
