<?xml version="1.0" encoding="UTF-8"?><idempiere Name="AD_Attachment" Version="1.0.0" idempiereVersion="7.1.0.latest" DataBaseVersion="2019-11-22" Description="" Author="SuperUser" AuthorEmail="superuser @ idempiere.com" CreatedDate="Sat Feb 08 03:19:21 UTC 2020" UpdatedDate="Sat Feb 08 03:19:21 UTC 2020" PackOutVersion="100" UpdateDictionary="true" Client="0-SYSTEM-System" AD_Client_UU="11237b53-9592-4af1-b3c5-afd216514b5d">
    <AD_Attachment type="table">
        <AD_Client_ID>0</AD_Client_ID>
        <AD_Org_ID>0</AD_Org_ID>
        <IsActive>Y</IsActive>
        <AD_Table_ID reference="id">284</AD_Table_ID>
        <Record_ID reference="uuid" reference-key="AD_Process">d614b878-7555-4214-be8e-abae923c5a61</Record_ID>
        <BinaryData>1.dat|byte[]</BinaryData>
        <Title>zip</Title>
        <TextMsg/>
        <AD_Attachment_UU>121ef92c-7f97-476c-9a97-d3de363747e6</AD_Attachment_UU>
    </AD_Attachment>
    <AD_Attachment type="table">
        <AD_Client_ID>0</AD_Client_ID>
        <AD_Org_ID>0</AD_Org_ID>
        <IsActive>Y</IsActive>
        <AD_Table_ID reference="id">284</AD_Table_ID>
        <Record_ID reference="uuid" reference-key="AD_Process">6114a799-7220-4adb-835d-216629712661</Record_ID>
        <BinaryData>2.dat|byte[]</BinaryData>
        <Title>zip</Title>
        <TextMsg/>
        <AD_Attachment_UU>8625045b-8d9f-477a-a018-5277b05a85f6</AD_Attachment_UU>
    </AD_Attachment>
    <AD_Attachment type="table">
        <AD_Client_ID>0</AD_Client_ID>
        <AD_Org_ID>0</AD_Org_ID>
        <IsActive>Y</IsActive>
        <AD_Table_ID reference="id">284</AD_Table_ID>
        <Record_ID reference="uuid" reference-key="AD_Process">1f59a3b3-8cc6-4713-839f-e3a339886f0c</Record_ID>
        <BinaryData>3.dat|byte[]</BinaryData>
        <Title>zip</Title>
        <TextMsg/>
        <AD_Attachment_UU>af6a07e5-57de-4605-8fa2-3e844cfa667c</AD_Attachment_UU>
    </AD_Attachment>
    <AD_Attachment type="table">
        <AD_Client_ID>0</AD_Client_ID>
        <AD_Org_ID>0</AD_Org_ID>
        <IsActive>Y</IsActive>
        <AD_Table_ID reference="id">284</AD_Table_ID>
        <Record_ID reference="uuid" reference-key="AD_Process">6573cc6b-9142-4043-a99d-f000514cc826</Record_ID>
        <BinaryData>4.dat|byte[]</BinaryData>
        <Title>zip</Title>
        <TextMsg/>
        <AD_Attachment_UU>8322a2d3-fdd1-457b-8006-29068e2890cf</AD_Attachment_UU>
    </AD_Attachment>
</idempiere>
