<?xml version="1.0" encoding="UTF-8"?><?xml-stylesheet type="text/css" href="idempiereDocument.css"?><idempiereDocument>
    <header>NiemcorJasperReports Package Description</header>
    <H1>Package Name:</H1>
    <packagename>NiemcorJasperReports</packagename>
    <H1>Author:</H1>
    <Name:/>
    <H1>Email Address:</H1>
    <Email>red1@red1.org</Email>
    <H1>Created:</H1>
    <Date>2014-11-19 09:47:47.829</Date>
    <H1>Updated:</H1>
    <Date>2014-11-22 10:46:30.783</Date>
    <H1>Description:</H1>
    <description>Contributed by Niemcor Pte Ltd, South Africa. Reports was contracted to NTier South Africa. Upgraded to IDempiere 2.1 by red1. Refactored to use on any ClientAdmin.
Read https://idempiere.atlassian.net/browse/IDEMPIERE-2327
or Watch http://youtu.be/8WOdkg_1SR0
All source provided under GPLv2, free to change but you must send changes back to us.</description>
    <H1>Instructions:</H1>
    <instructions>After applying 2Pack, you can edit the raw jrxml in IReport Designer or JasperReport Studio.</instructions>
    <H1>Files in Package:</H1>
    <file>File: PackOut.xml</file>
    <filedirectory>Directory: \dict\</filedirectory>
    <filenotes>Notes: Contains all application/object settings for package</filenotes>
    <H1>Client:</H1>
    <Client>0-SYSTEM-System</Client>
</idempiereDocument>
